<?xml version="1.0" encoding="UTF-8"?>

<beans xmlns="http://www.springframework.org/schema/beans"
    xmlns:xsi="http://www.w3.org/2001/XMLSchema-instance"
    xsi:schemaLocation="http://www.springframework.org/schema/beans
    http://www.springframework.org/schema/beans/spring-beans-3.0.xsd">
    
 <!-- <bean id="address1" class="Address" >
       <property name="city" value="khammam"/>
       <property name="pincode" value="507299"/>        
   </bean> -->
 


   <bean id="student" class="Student"  >
       <property name="number"  value="1209" />
       <property name="name" value="Murali"/>
       <property name="address">
       <bean class="Address">
       <property name="city" value="khammam"/>
       <property name="pincode" value="507299"/>  
       
       </bean>
      
       </property>
   </bean>




<!-- <bean id="CustomerBean" class="com.mkyong.common.Customer">
		<property name="person">
			<bean class="com.mkyong.common.Person">
				<property name="name" value="mkyong" />
				<property name="address" value="address1" />
				<property name="age" value="28" />
			</bean>
		</property>
	</bean> -->
</beans>