[
  {
    "title":"Kid Uk102",
    "author":"XYZ",
    "cover":"../Images/kid1.jpg",
    "summary":"Lorem ipsum dolor sit amet, consectetur adipiscing elit. Ut imperdiet vestibulum felis eu lobortis. Vestibulum suscipit purus massa, vitae molestie enim efficitur dapibus. Vivamus vel lorem quis libero aliquam scelerisque Lorem ipsum dolor sit amet, consectetur adipiscing elit. Ut imperdiet vestibulum felis eu lobortis. Vestibulum suscipit purus massa, vitae molestie enim .",
    "date":1985,
    "votes":85,
    "AvailableBooks":10
  },
  {
    "title":"Kid Uk102",
    "author":"ABC",
    "cover":"../Images/kid2.jpg",
    "summary":"Lorem ipsum dolor sit amet,consectetur adipiscing elit.Ut imperdiet vestibulum felis eu lobortis. Vestibulum suscipit purus massa, vitae molestie enim efficitur dapibus. Vivamus vel lorem quis libero aliquam scelerisque Lorem ipsum dolor sit amet, consectetur adipiscing elit. Ut imperdiet vestibulum felis eu lobortis. Vestibulum suscipit purus massa, vitae molestie enim .",
    "date":1976,
    "votes":90,
    "AvailableBooks":2
  },


  {
    "title":"Stylish Uk102",
    "author":"EDF",
    "cover":"../Images/kid3.jpg",
    "summary":"Lorem ipsum dolor sit amet, consectetur adipiscing elit. Ut imperdiet vestibulum felis eu lobortis. Vestibulum suscipit purus massa, vitae molestie enim efficitur dapibus. Vivamus vel lorem quis libero aliquam scelerisque Lorem ipsum dolor sit amet, consectetur adipiscing elit. Ut imperdiet vestibulum felis eu lobortis. Vestibulum suscipit purus massa, vitae molestie enim .",
    "date":2005,
    "votes":95,
  "AvailableBooks":50},
  {
    "title":"Funky Uk102",
    "author":"GHI",
    "cover":"../Images/kid4.jpg",
    "summary":"Lorem ipsum dolor sit amet, consectetur adipiscing elit. Ut imperdiet vestibulum felis eu lobortis. Vestibulum suscipit purus massa, vitae molestie enim efficitur dapibus. Vivamus vel lorem quis libero aliquam scelerisque Lorem ipsum dolor sit amet, consectetur adipiscing elit. Ut imperdiet vestibulum felis eu lobortis. Vestibulum suscipit purus massa, vitae molestie enim .",
    "date":2003,
    "votes":98,
    "AvailableBooks":1
  }
]