[
  {
    "title":"LapiXZS",
    "author":"XYZ",
    "cover":"../Images/gadget1.png",
    "summary":"Lorem ipsum dolor sit amet, consectetur adipiscing elit. Ut imperdiet vestibulum felis eu lobortis. Vestibulum suscipit purus massa, vitae molestie enim efficitur dapibus. Vivamus vel lorem quis libero aliquam scelerisque Lorem ipsum dolor sit amet, consectetur adipiscing elit. Ut imperdiet vestibulum felis eu lobortis. Vestibulum suscipit purus massa, vitae molestie enim .",
    "date":1985,
    "votes":85,
    "AvailableBooks":10
  },
  {
    "title":"Lapizx",
    "author":"ABC",
    "cover":"../Images/gadget3.jpg",
    "summary":"Lorem ipsum dolor sit amet,consectetur adipiscing elit.Ut imperdiet vestibulum felis eu lobortis. Vestibulum suscipit purus massa, vitae molestie enim efficitur dapibus. Vivamus vel lorem quis libero aliquam scelerisque Lorem ipsum dolor sit amet, consectetur adipiscing elit. Ut imperdiet vestibulum felis eu lobortis. Vestibulum suscipit purus massa, vitae molestie enim .",
    "date":1976,
    "votes":90,
    "AvailableBooks":2
  },


  {
    "title":"Gadgetxcv",
    "author":"EDF",
    "cover":"../Images/gadget3.jpg",
    "summary":"Lorem ipsum dolor sit amet, consectetur adipiscing elit. Ut imperdiet vestibulum felis eu lobortis. Vestibulum suscipit purus massa, vitae molestie enim efficitur dapibus. Vivamus vel lorem quis libero aliquam scelerisque Lorem ipsum dolor sit amet, consectetur adipiscing elit. Ut imperdiet vestibulum felis eu lobortis. Vestibulum suscipit purus massa, vitae molestie enim .",
    "date":2005,
    "votes":95,
  "AvailableBooks":50},
  {
    "title":"gadgetxyzz",
    "author":"GHI",
    "cover":"../Images/gadget4.jpg",
    "summary":"Lorem ipsum dolor sit amet, consectetur adipiscing elit. Ut imperdiet vestibulum felis eu lobortis. Vestibulum suscipit purus massa, vitae molestie enim efficitur dapibus. Vivamus vel lorem quis libero aliquam scelerisque Lorem ipsum dolor sit amet, consectetur adipiscing elit. Ut imperdiet vestibulum felis eu lobortis. Vestibulum suscipit purus massa, vitae molestie enim .",
    "date":2003,
    "votes":98,
    "AvailableBooks":1
  }
]