<?xml version="1.0" encoding="UTF-8"?>

<beans xmlns="http://www.springframework.org/schema/beans"
    xmlns:xsi="http://www.w3.org/2001/XMLSchema-instance"
    xsi:schemaLocation="http://www.springframework.org/schema/beans
    http://www.springframework.org/schema/beans/spring-beans-3.0.xsd">

 <bean id="address1" class="Address" >
       <property name="city" value="khammam"/>
       <property name="pincode" value="507299"/>        
   </bean>
 <bean id="address2" class="Address"  >
       <property name="city" value="Hyderabad"/>
       <property name="pincode" value="507209"/>        
   </bean>


   <bean id="student" class="Student"  >
       <property name="number"  value="1209" />
       <property name="name" value="Murali"/>
       <property name="address">
        <list>
       <ref bean="address2"/>
       <ref bean="address1"/>
        </list>
        </property>
   </bean>

</beans>