<?xml version="1.0" encoding="UTF-8"?>

<beans xmlns="http://www.springframework.org/schema/beans"
    xmlns:xsi="http://www.w3.org/2001/XMLSchema-instance"
    xsi:schemaLocation="http://www.springframework.org/schema/beans
    http://www.springframework.org/schema/beans/spring-beans-3.0.xsd">

 <bean id="address1" class="Address" >
       <property name="city" value="khammam"/>
       <property name="pincode" value="507299"/>        
   </bean>
   
   <bean id="student1" class="Student" >
       <property name="name" value="Murali"/>
       </bean>
       <bean id="student2" class="Student" parent="student1">
       <property name="address" ref="address1"></property>
       </bean>
</beans>